{"cameraMode":{"drawMode":0,"name":"Shaded","section":"Shading Mode"},"sceneLighting":false,"audioPlay":false,"sceneViewState":{"m_AlwaysRefresh":false,"showFog":true,"showSkybox":false,"showFlares":true,"showImageEffects":true,"showParticleSystems":true,"showVisualEffectGraphs":true,"m_FxEnabled":true},"in2DMode":false,"pivot":{"x":-3.8299999237060549,"y":0.6200000047683716,"z":0.047764524817466739},"rotation":{"x":-0.03377613425254822,"y":0.9504998922348023,"z":-0.2881085276603699,"w":-0.11142829060554505},"size":0.8660253882408142,"orthographic":false}